steam_appid,name,type,initial_price,release_date,score,recommendation,windows,mac,linux,header_image
10,Counter-Strike,game,9.99,2000-11-01,88.0,80296.0,1,1,1,http://cdn.akamai.steamstatic.com/steam/apps/10/header.jpg?t=1447887426
20,Team Fortress Classic,game,4.99,1999-04-01,,2577.0,1,1,1,http://cdn.akamai.steamstatic.com/steam/apps/20/header.jpg?t=1447350811
30,Day of Defeat,game,4.99,2003-05-01,79.0,2532.0,1,1,1,http://cdn.akamai.steamstatic.com/steam/apps/30/header.jpg?t=1447350812
40,Deathmatch Classic,game,4.99,2001-06-01,,937.0,1,1,1,http://cdn.akamai.steamstatic.com/steam/apps/40/header.jpg?t=1447350812
50,Half-Life: Opposing Force,game,4.99,1999-11-01,,3171.0,1,1,1,http://cdn.akamai.steamstatic.com/steam/apps/50/header.jpg?t=1447350813
60,Ricochet,game,4.99,2000-11-01,,2119.0,1,1,1,http://cdn.akamai.steamstatic.com/steam/apps/60/header.jpg?t=1453942008
70,Half-Life,game,9.99,1998-11-08,96.0,15378.0,1,1,1,http://cdn.akamai.steamstatic.com/steam/apps/70/header.jpg?t=1447890508
80,Counter-Strike: Condition Zero,game,9.99,2004-03-01,65.0,7826.0,1,1,1,http://cdn.akamai.steamstatic.com/steam/apps/80/header.jpg?t=1447889920
130,Half-Life: Blue Shift,game,4.99,2001-06-01,71.0,2372.0,1,1,1,http://cdn.akamai.steamstatic.com/steam/apps/130/header.jpg?t=1447350816
220,Half-Life 2,game,9.99,2004-11-16,96.0,43513.0,1,1,1,http://cdn.akamai.steamstatic.com/steam/apps/220/header.jpg?t=1456860366
240,Counter-Strike: Source,game,19.99,2004-11-01,88.0,58593.0,1,1,1,http://cdn.akamai.steamstatic.com/steam/apps/240/header.jpg?t=1448314295
280,Half-Life: Source,game,0.0,2004-06-01,,2745.0,1,1,1,http://cdn.akamai.steamstatic.com/steam/apps/280/header.jpg?t=1447350819
300,Day of Defeat: Source,game,9.99,2010-07-12,80.0,7785.0,1,1,1,http://cdn.akamai.steamstatic.com/steam/apps/300/header.jpg?t=1447350820
320,Half-Life 2: Deathmatch,game,4.99,2004-11-01,,4589.0,1,1,1,http://cdn.akamai.steamstatic.com/steam/apps/320/header.jpg?t=1447350821
340,Half-Life 2: Lost Coast,game,0.0,2005-10-27,,4547.0,1,1,1,http://cdn.akamai.steamstatic.com/steam/apps/340/header.jpg?t=1447350821
360,Half-Life Deathmatch: Source,game,0.0,2006-05-01,,944.0,1,1,1,http://cdn.akamai.steamstatic.com/steam/apps/360/header.jpg?t=1447350852
380,Half-Life 2: Episode One,game,7.99,2006-06-01,87.0,4715.0,1,1,1,http://cdn.akamai.steamstatic.com/steam/apps/380/header.jpg?t=1456867730
400,Portal,game,9.99,2007-10-10,90.0,31192.0,1,1,1,http://cdn.akamai.steamstatic.com/steam/apps/400/header.jpg?t=1447890222
420,Half-Life 2: Episode Two,game,7.99,2007-10-10,90.0,9234.0,1,1,1,http://cdn.akamai.steamstatic.com/steam/apps/420/header.jpg?t=1456867684
440,Team Fortress 2,game,0.0,2007-10-10,92.0,411957.0,1,1,1,http://cdn.akamai.steamstatic.com/steam/apps/440/header.jpg?t=1474050434
500,Left 4 Dead,game,19.99,2008-11-17,89.0,11110.0,1,1,0,http://cdn.akamai.steamstatic.com/steam/apps/500/header.jpg?t=1447903113
550,Left 4 Dead 2,game,19.99,2009-11-16,89.0,159768.0,1,1,1,http://cdn.akamai.steamstatic.com/steam/apps/550/header.jpg?t=1467131981
570,Dota 2,game,0.0,2013-07-09,90.0,670821.0,1,1,1,http://cdn.akamai.steamstatic.com/steam/apps/570/header.jpg?t=1482257283
620,Portal 2,game,19.99,2011-04-18,95.0,85814.0,1,1,1,http://cdn.akamai.steamstatic.com/steam/apps/620/header.jpg?t=1452903431
630,Alien Swarm,game,0.0,2010-07-19,77.0,15407.0,1,0,0,http://cdn.akamai.steamstatic.com/steam/apps/630/header.jpg?t=1447353182
730,Counter-Strike: Global Offensive,game,8.399,2012-08-21,83.0,1665752.0,1,1,1,http://cdn.akamai.steamstatic.com/steam/apps/730/header.jpg?t=1479515605
1002,Rag Doll Kung Fu,game,9.99,2005-10-12,69.0,,1,0,0,http://cdn.akamai.steamstatic.com/steam/apps/1002/header.jpg?t=1447350828
1200,Red Orchestra: Ostfront 41-45,game,9.99,2006-03-14,81.0,1284.0,1,1,1,http://cdn.akamai.steamstatic.com/steam/apps/1200/header.jpg?t=1447350836
1250,Killing Floor,game,19.99,2009-05-14,72.0,46486.0,1,1,1,http://cdn.akamai.steamstatic.com/steam/apps/1250/header.jpg?t=1464640213
1300,SiN Episodes: Emergence,game,9.99,2006-05-10,75.0,410.0,1,0,0,http://cdn.akamai.steamstatic.com/steam/apps/1300/header.jpg?t=1464638889
1500,Darwinia,game,9.99,2005-07-14,84.0,487.0,1,1,1,http://cdn.akamai.steamstatic.com/steam/apps/1500/header.jpg?t=1460468361
1510,Uplink,game,9.99,2006-08-23,75.0,1398.0,1,1,1,http://cdn.akamai.steamstatic.com/steam/apps/1510/header.jpg?t=1478098895
1520,DEFCON,game,9.99,2006-09-29,84.0,1776.0,1,1,1,http://cdn.akamai.steamstatic.com/steam/apps/1520/header.jpg?t=1478098162
1530,Multiwinia,game,9.99,2008-09-19,76.0,356.0,1,1,0,http://cdn.akamai.steamstatic.com/steam/apps/1530/header.jpg?t=1478098656
1600,Dangerous Waters,game,14.99,2006-02-07,82.0,119.0,1,0,0,http://cdn.akamai.steamstatic.com/steam/apps/1600/header.jpg?t=1447350835
1610,Space Empires IV Deluxe,game,9.99,2006-02-07,79.0,101.0,1,0,0,http://cdn.akamai.steamstatic.com/steam/apps/1610/header.jpg?t=1447350836
1620,Jagged Alliance 2 Gold,game,19.99,2006-07-06,,,1,0,0,http://cdn.akamai.steamstatic.com/steam/apps/1620/header.jpg?t=1447350856
1630,Disciples II: Rise of the Elves ,game,6.49,2006-07-06,80.0,367.0,1,0,0,http://cdn.akamai.steamstatic.com/steam/apps/1630/header.jpg?t=1447350856
1640,Disciples II: Gallean's Return,game,6.49,2006-07-06,84.0,452.0,1,0,0,http://cdn.akamai.steamstatic.com/steam/apps/1640/header.jpg?t=1447350862
1670,Iron Warriors: T - 72 Tank Command ,game,4.99,2006-07-26,56.0,214.0,1,0,0,http://cdn.akamai.steamstatic.com/steam/apps/1670/header.jpg?t=1447350863
1690,Space Empires V,game,14.99,2006-10-16,68.0,216.0,1,0,0,http://cdn.akamai.steamstatic.com/steam/apps/1690/header.jpg?t=1447350865
1700,Arx Fatalis,game,4.99,2007-04-03,77.0,456.0,1,0,0,http://cdn.akamai.steamstatic.com/steam/apps/1700/header.jpg?t=1478190772
1840,Source Filmmaker,game,0.0,2012-07-10,,10788.0,1,0,0,http://cdn.akamai.steamstatic.com/steam/apps/1840/header.jpg?t=1447356104
1900,Earth 2160,game,4.99,2006-04-01,73.0,442.0,1,1,1,http://cdn.akamai.steamstatic.com/steam/apps/1900/header.jpg?t=1478034392
1930,Two Worlds Epic Edition,game,9.99,2009-04-30,65.0,2688.0,1,1,1,http://cdn.akamai.steamstatic.com/steam/apps/1930/header.jpg?t=1464111430
2100,Dark Messiah of Might & Magic,game,9.99,2006-10-25,72.0,3117.0,1,0,0,http://cdn.akamai.steamstatic.com/steam/apps/2100/header.jpg?t=1447350903
2200,Quake III Arena,game,14.99,2007-08-03,,757.0,1,0,0,http://cdn.akamai.steamstatic.com/steam/apps/2200/header.jpg?t=1447351095
2210,Quake IV,game,14.99,2011-08-04,81.0,550.0,1,0,0,http://cdn.akamai.steamstatic.com/steam/apps/2210/header.jpg?t=1447351610
2270,Wolfenstein 3D,game,4.99,2007-08-03,,1146.0,1,0,0,http://cdn.akamai.steamstatic.com/steam/apps/2270/header.jpg?t=1447351096
2280,Ultimate Doom,game,4.99,2007-08-03,,2430.0,1,0,0,http://cdn.akamai.steamstatic.com/steam/apps/2280/header.jpg?t=1447351097
2290,Final DOOM,game,4.99,2007-08-03,,420.0,1,0,0,http://cdn.akamai.steamstatic.com/steam/apps/2290/header.jpg?t=1447351098
2300,DOOM II,game,4.99,2007-08-03,83.0,1561.0,1,0,0,http://cdn.akamai.steamstatic.com/steam/apps/2300/header.jpg?t=1449848674
2310,QUAKE,game,4.99,2007-08-03,94.0,1474.0,1,0,0,http://cdn.akamai.steamstatic.com/steam/apps/2310/header.jpg?t=1447351100
2320,QUAKE II,game,4.99,2007-08-03,,745.0,1,0,0,http://cdn.akamai.steamstatic.com/steam/apps/2320/header.jpg?t=1447351101
2330,QUAKE II Mission Pack: The Reckoning,game,2.99,2007-08-03,,,1,0,0,http://cdn.akamai.steamstatic.com/steam/apps/2330/header.jpg?t=1447351102
2340,QUAKE II Mission Pack: Ground Zero,game,2.99,2007-08-03,,,1,0,0,http://cdn.akamai.steamstatic.com/steam/apps/2340/header.jpg?t=1447351102
2350,QUAKE III: Team Arena,game,14.99,2007-08-03,69.0,,1,0,0,http://cdn.akamai.steamstatic.com/steam/apps/2350/header.jpg?t=1447351103
2360,HeXen: Beyond Heretic,game,4.99,2007-08-03,,169.0,1,0,0,http://cdn.akamai.steamstatic.com/steam/apps/2360/header.jpg?t=1447351105
2370,HeXen: Deathkings of the Dark Citadel,game,4.99,2007-08-03,,,1,0,0,http://cdn.akamai.steamstatic.com/steam/apps/2370/header.jpg?t=1447351106
2390,Heretic: Shadow of the Serpent Riders,game,4.99,2007-08-03,,252.0,1,0,0,http://cdn.akamai.steamstatic.com/steam/apps/2390/header.jpg?t=1447351107
2400,The Ship: Murder Party,game,0.0,2006-07-11,76.0,5185.0,1,0,0,http://cdn.akamai.steamstatic.com/steam/apps/2400/header.jpg?t=1477665793
2420,The Ship: Single Player,game,,2006-11-20,,727.0,1,0,0,http://cdn.akamai.steamstatic.com/steam/apps/2420/header.jpg?t=1447350944
2450,Bloody Good Time,game,4.99,2010-10-29,73.0,743.0,1,0,0,http://cdn.akamai.steamstatic.com/steam/apps/2450/header.jpg?t=1447353150
2500,Shadowgrounds,game,6.99,2006-05-08,74.0,1013.0,1,1,0,http://cdn.akamai.steamstatic.com/steam/apps/2500/header.jpg?t=1476272970
2520,Gumboy - Crazy Adventures™,game,0.0,2006-12-19,69.0,,1,0,0,http://cdn.akamai.steamstatic.com/steam/apps/2520/header.jpg?t=1470827912
2540,RIP - Trilogy™,game,4.99,2007-06-01,,289.0,1,0,0,http://cdn.akamai.steamstatic.com/steam/apps/2540/header.jpg?t=1447351053
2570,Vigil: Blood Bitterness™,game,0.0,2007-06-29,61.0,128.0,1,0,0,http://cdn.akamai.steamstatic.com/steam/apps/2570/header.jpg?t=1472555208
2590,Alpha Prime,game,4.99,2007-11-07,59.0,995.0,1,0,0,http://cdn.akamai.steamstatic.com/steam/apps/2590/header.jpg?t=1478602668
2600,Vampire: The Masquerade - Bloodlines,game,19.99,2007-03-22,80.0,4630.0,1,0,0,http://cdn.akamai.steamstatic.com/steam/apps/2600/header.jpg?t=1447350961
2610,GUN™,game,19.99,2006-10-13,76.0,402.0,1,0,0,http://cdn.akamai.steamstatic.com/steam/apps/2610/header.jpg?t=1447350928
2620,Call of Duty®,game,19.99,2006-10-13,91.0,975.0,1,0,0,http://cdn.akamai.steamstatic.com/steam/apps/2620/header.jpg?t=1450407165
2630,Call of Duty® 2,game,19.99,2006-10-13,86.0,1510.0,1,1,0,http://cdn.akamai.steamstatic.com/steam/apps/2630/header.jpg?t=1450407166
2640,Call of Duty: United Offensive,game,19.99,2006-10-13,87.0,351.0,1,0,0,http://cdn.akamai.steamstatic.com/steam/apps/2640/header.jpg?t=1450407174
2700,RollerCoaster Tycoon® 3: Platinum,game,19.99,2008-03-12,81.0,2781.0,1,1,0,http://cdn.akamai.steamstatic.com/steam/apps/2700/header.jpg?t=1473276734
2710,Act of War: Direct Action,game,2.99,2008-03-12,82.0,123.0,1,0,0,http://cdn.akamai.steamstatic.com/steam/apps/2710/header.jpg?t=1447351138
2720,ThreadSpace: Hyperbol,game,9.99,2007-07-12,,,1,0,0,http://cdn.akamai.steamstatic.com/steam/apps/2720/header.jpg?t=1447351073
2780,ARMA: Combat Operations,game,7.99,2008-03-12,74.0,187.0,1,0,0,http://cdn.akamai.steamstatic.com/steam/apps/2780/header.jpg?t=1447351139
2800,X2: The Threat,game,4.99,2006-07-21,72.0,201.0,1,0,0,http://cdn.akamai.steamstatic.com/steam/apps/2800/header.jpg?t=1458207805
2810,X3: Reunion,game,9.99,2006-07-21,71.0,301.0,1,1,1,http://cdn.akamai.steamstatic.com/steam/apps/2810/header.jpg?t=1458211384
2820,X3: Terran Conflict,game,15.99,2008-10-16,73.0,1382.0,1,1,1,http://cdn.akamai.steamstatic.com/steam/apps/2820/header.jpg?t=1458209718
2840,X: Beyond the Frontier,game,4.99,2010-10-08,67.0,142.0,1,0,0,http://cdn.akamai.steamstatic.com/steam/apps/2840/header.jpg?t=1447353612
2850,X: Tension,game,4.99,2010-10-08,,,1,0,0,http://cdn.akamai.steamstatic.com/steam/apps/2850/header.jpg?t=1447353611
2870,X Rebirth,game,29.99,2013-11-15,33.0,5797.0,1,1,1,http://cdn.akamai.steamstatic.com/steam/apps/2870/header.jpg?t=1481890986
2900,688(I) Hunter/Killer,game,9.99,2006-10-26,,,1,0,0,http://cdn.akamai.steamstatic.com/steam/apps/2900/header.jpg?t=1447350933
2910,Fleet Command,game,9.99,2006-10-26,,,1,0,0,http://cdn.akamai.steamstatic.com/steam/apps/2910/header.jpg?t=1447350934
2920,Sub Command,game,9.99,2006-10-26,84.0,,1,0,0,http://cdn.akamai.steamstatic.com/steam/apps/2920/header.jpg?t=1447350935
2990,FlatOut 2™,game,9.99,2006-12-21,76.0,3304.0,1,0,0,http://cdn.akamai.steamstatic.com/steam/apps/2990/header.jpg?t=1447350951
3000,GTI Racing,game,4.99,2006-08-24,,,1,0,0,http://cdn.akamai.steamstatic.com/steam/apps/3000/header.jpg?t=1447350869
3010,Xpand Rally,game,4.99,2006-08-24,82.0,127.0,1,0,0,http://cdn.akamai.steamstatic.com/steam/apps/3010/header.jpg?t=1447350870
3020,Call of Juarez™,game,9.99,2007-11-08,72.0,534.0,1,0,0,http://cdn.akamai.steamstatic.com/steam/apps/3020/header.jpg?t=1447350962
3050,Xpand Rally Xtreme,game,4.99,2008-10-08,,,1,0,0,http://cdn.akamai.steamstatic.com/steam/apps/3050/header.jpg?t=1447351406
3130,Men of War: Red Tide,game,4.99,2009-11-01,77.0,240.0,1,0,0,http://cdn.akamai.steamstatic.com/steam/apps/3130/header.jpg?t=1447352618
3170,King's Bounty: Armored Princess,game,9.99,2009-11-19,82.0,359.0,1,1,0,http://cdn.akamai.steamstatic.com/steam/apps/3170/header.jpg?t=1476894766
3230,Genesis Rising,game,4.99,2007-08-06,57.0,105.0,1,0,0,http://cdn.akamai.steamstatic.com/steam/apps/3230/header.jpg?t=1471962185
3260,Safecracker: The Ultimate Puzzle Adventure,game,4.99,2007-08-29,69.0,336.0,1,0,0,http://cdn.akamai.steamstatic.com/steam/apps/3260/header.jpg?t=1472037660
3270,Painkiller Overdose,game,4.99,2007-10-30,65.0,401.0,1,0,0,http://cdn.akamai.steamstatic.com/steam/apps/3270/header.jpg?t=1472036332
3300,Bejeweled 2 Deluxe,game,4.99,2006-08-30,,,1,1,0,http://cdn.akamai.steamstatic.com/steam/apps/3300/header.jpg?t=1447350876
3310,Chuzzle Deluxe,game,4.99,2006-08-30,,,1,1,0,http://cdn.akamai.steamstatic.com/steam/apps/3310/header.jpg?t=1447350877
3320,Insaniquarium Deluxe,game,4.99,2006-08-30,,491.0,1,0,0,http://cdn.akamai.steamstatic.com/steam/apps/3320/header.jpg?t=1447350878
3330,Zuma Deluxe,game,4.99,2006-08-30,,142.0,1,1,0,http://cdn.akamai.steamstatic.com/steam/apps/3330/header.jpg?t=1447350874
3340,AstroPop Deluxe,game,4.99,2006-08-30,,,1,0,0,http://cdn.akamai.steamstatic.com/steam/apps/3340/header.jpg?t=1447350878
3350,Bejeweled Deluxe,game,4.99,2006-08-30,,,1,0,0,http://cdn.akamai.steamstatic.com/steam/apps/3350/header.jpg?t=1447350878
3360,Big Money! Deluxe,game,4.99,2006-08-30,,,1,0,0,http://cdn.akamai.steamstatic.com/steam/apps/3360/header.jpg?t=1447350880
3380,Dynomite Deluxe,game,4.99,2006-08-30,,,1,0,0,http://cdn.akamai.steamstatic.com/steam/apps/3380/header.jpg?t=1447350881
3390,Feeding Frenzy 2 Deluxe,game,4.99,2006-08-30,,177.0,1,0,0,http://cdn.akamai.steamstatic.com/steam/apps/3390/header.jpg?t=1447350882
3400,Hammer Heads Deluxe,game,4.99,2006-08-30,,,1,0,0,http://cdn.akamai.steamstatic.com/steam/apps/3400/header.jpg?t=1447350883
3410,Heavy Weapon Deluxe,game,4.99,2006-08-30,,,1,0,0,http://cdn.akamai.steamstatic.com/steam/apps/3410/header.jpg?t=1447350883
3420,Iggle Pop Deluxe,game,4.99,2006-08-30,,,1,0,0,http://cdn.akamai.steamstatic.com/steam/apps/3420/header.jpg?t=1447350885
3430,Pizza Frenzy Deluxe,game,4.99,2006-08-30,,,1,0,0,http://cdn.akamai.steamstatic.com/steam/apps/3430/header.jpg?t=1447350886
3440,Rocket Mania Deluxe,game,4.99,2006-08-30,,,1,0,0,http://cdn.akamai.steamstatic.com/steam/apps/3440/header.jpg?t=1447350887
3450,Typer Shark! Deluxe,game,4.99,2006-08-30,,,1,0,0,http://cdn.akamai.steamstatic.com/steam/apps/3450/header.jpg?t=1447350888
3460,Talismania Deluxe,game,4.99,2006-08-30,,,1,0,0,http://cdn.akamai.steamstatic.com/steam/apps/3460/header.jpg?t=1447350889
3480,Peggle Deluxe,game,4.99,2007-03-06,,746.0,1,1,0,http://cdn.akamai.steamstatic.com/steam/apps/3480/header.jpg?t=1447350989
3483,Peggle Extreme,game,0.0,2007-09-11,,637.0,1,0,0,http://cdn.akamai.steamstatic.com/steam/apps/3483/header.jpg?t=1447351145
3490,Venice Deluxe,game,4.99,2007-06-25,,,1,0,0,http://cdn.akamai.steamstatic.com/steam/apps/3490/header.jpg?t=1447351048
3500,Mystery P.I.™ - The Lottery Ticket,game,4.99,2007-10-16,,,1,0,0,http://cdn.akamai.steamstatic.com/steam/apps/3500/header.jpg?t=1447351168
3510,Amazing Adventures The Lost Tomb™,game,4.99,2007-12-13,,,1,0,0,http://cdn.akamai.steamstatic.com/steam/apps/3510/header.jpg?t=1447351196
3520,Mystery P.I.™ - The Vegas Heist,game,4.99,2008-06-05,,,1,0,0,http://cdn.akamai.steamstatic.com/steam/apps/3520/header.jpg?t=1447351348
3530,Amazing Adventures Around the World,game,4.99,2009-04-15,,,1,0,0,http://cdn.akamai.steamstatic.com/steam/apps/3530/header.jpg?t=1447351774
3540,Peggle™ Nights,game,4.99,2008-10-15,76.0,271.0,1,1,0,http://cdn.akamai.steamstatic.com/steam/apps/3540/header.jpg?t=1447351487
3560,Bejeweled Twist,game,4.99,2008-11-18,78.0,,1,0,0,http://cdn.akamai.steamstatic.com/steam/apps/3560/header.jpg?t=1447351528
3570,Mystery P.I.™ - The New York Fortune,game,4.99,2009-01-28,,,1,0,0,http://cdn.akamai.steamstatic.com/steam/apps/3570/header.jpg?t=1447351648
3580,The Wizard's Pen™,game,4.99,2009-02-18,,,1,0,0,http://cdn.akamai.steamstatic.com/steam/apps/3580/header.jpg?t=1447351685
3590,Plants vs. Zombies GOTY Edition,game,4.99,2009-05-05,87.0,7392.0,1,1,0,http://cdn.akamai.steamstatic.com/steam/apps/3590/header.jpg?t=1447351772
3600,Escape Rosecliff Island,game,4.99,2009-04-15,,128.0,1,1,0,http://cdn.akamai.steamstatic.com/steam/apps/3600/header.jpg?t=1447351775
3610,Mystery P.I. - Lost in Los Angeles,game,4.99,2009-07-27,,,1,0,0,http://cdn.akamai.steamstatic.com/steam/apps/3610/header.jpg?t=1447352362
3620,Zuma's Revenge!,game,4.99,2009-09-15,78.0,245.0,1,0,0,http://cdn.akamai.steamstatic.com/steam/apps/3620/header.jpg?t=1447352467
3700,Sniper Elite,game,9.99,2009-07-16,76.0,949.0,1,0,0,http://cdn.akamai.steamstatic.com/steam/apps/3700/header.jpg?t=1478602543
3710,Judge Dredd: Dredd vs. Death,game,7.99,2009-03-26,55.0,444.0,1,0,0,http://cdn.akamai.steamstatic.com/steam/apps/3710/header.jpg?t=1478600057
3720,Evil Genius,game,9.99,2009-06-22,75.0,1396.0,1,0,0,http://cdn.akamai.steamstatic.com/steam/apps/3720/header.jpg?t=1478599968
3730,Aliens versus Predator Classic 2000,game,4.99,2010-01-15,,1161.0,1,0,0,http://cdn.akamai.steamstatic.com/steam/apps/3730/header.jpg?t=1478599494
3800,Advent Rising,game,9.99,2006-09-14,70.0,250.0,1,0,0,http://cdn.akamai.steamstatic.com/steam/apps/3800/header.jpg?t=1447350908
3810,BloodRayne,game,9.99,2006-09-14,65.0,346.0,1,0,0,http://cdn.akamai.steamstatic.com/steam/apps/3810/header.jpg?t=1464633119
3820,BloodRayne 2,game,9.99,2006-09-14,67.0,260.0,1,0,0,http://cdn.akamai.steamstatic.com/steam/apps/3820/header.jpg?t=1464633310
3830,Psychonauts,game,9.99,2006-10-11,87.0,5811.0,1,1,1,http://cdn.akamai.steamstatic.com/steam/apps/3830/header.jpg?t=1479171149
3900,Sid Meier's Civilization® IV,game,19.99,2006-10-25,94.0,1031.0,1,1,0,http://cdn.akamai.steamstatic.com/steam/apps/3900/header.jpg?t=1447366360
3910,Sid Meier's Civilization® III Complete,game,4.99,2006-10-25,90.0,1513.0,1,0,0,http://cdn.akamai.steamstatic.com/steam/apps/3910/header.jpg?t=1447350926
3920,Sid Meier's Pirates!,game,9.99,2005-07-11,88.0,1904.0,1,0,0,http://cdn.akamai.steamstatic.com/steam/apps/3920/header.jpg?t=1447350927
3960,Shattered Union,game,4.99,2006-10-25,67.0,,1,0,0,http://cdn.akamai.steamstatic.com/steam/apps/3960/header.jpg?t=1447350927
3980,CivCity: Rome,game,9.99,2007-04-06,67.0,157.0,1,0,0,http://cdn.akamai.steamstatic.com/steam/apps/3980/header.jpg?t=1447350982
3990,Civilization IV®: Warlords,game,4.99,2007-04-06,84.0,,1,1,0,http://cdn.akamai.steamstatic.com/steam/apps/3990/header.jpg?t=1447350981
4000,Garry's Mod,game,9.99,2006-11-29,,260847.0,1,1,1,http://cdn.akamai.steamstatic.com/steam/apps/4000/header.jpg?t=1478562816
4100,Poker Superstars II,game,9.99,2006-10-05,,,1,0,0,http://cdn.akamai.steamstatic.com/steam/apps/4100/header.jpg?t=1447350914
4230,RACE - The WTCC Game,game,39.99,2006-11-24,,133.0,1,0,0,http://cdn.akamai.steamstatic.com/steam/apps/4230/header.jpg?t=1478078220
4290,RACE: Caterham Expansion,game,4.99,2007-06-22,,,1,0,0,http://cdn.akamai.steamstatic.com/steam/apps/4290/header.jpg?t=1478078209
4300,RoboBlitz,game,9.99,2006-11-07,80.0,,1,0,0,http://cdn.akamai.steamstatic.com/steam/apps/4300/header.jpg?t=1447350932
4420,Silverfall,game,9.99,2007-03-20,62.0,,1,0,0,http://cdn.akamai.steamstatic.com/steam/apps/4420/header.jpg?t=1447350982
4460,City Life 2008,game,9.99,2008-09-29,,,1,0,0,http://cdn.akamai.steamstatic.com/steam/apps/4460/header.jpg?t=1447351481
4470,Silverfall: Earth Awakening,game,9.99,2008-07-18,,,1,0,0,http://cdn.akamai.steamstatic.com/steam/apps/4470/header.jpg?t=1447351337
4500,S.T.A.L.K.E.R.: Shadow of Chernobyl,game,19.99,2007-03-20,82.0,5803.0,1,0,0,http://cdn.akamai.steamstatic.com/steam/apps/4500/header.jpg?t=1447351056
4520,Full Spectrum Warrior,game,9.99,2007-07-17,80.0,112.0,1,0,0,http://cdn.akamai.steamstatic.com/steam/apps/4520/header.jpg?t=1471962181
4530,Full Spectrum Warrior: Ten Hammers,game,9.99,2007-07-17,70.0,,1,0,0,http://cdn.akamai.steamstatic.com/steam/apps/4530/header.jpg?t=1471962182
4560,Company of Heroes,game,36.99,2007-07-17,93.0,4222.0,1,0,0,http://cdn.akamai.steamstatic.com/steam/apps/4560/header.jpg?t=1478040682
4570,"Warhammer® 40,000: Dawn of War® - Game of the Year Edition",game,12.99,2007-08-07,86.0,2469.0,1,0,0,http://cdn.akamai.steamstatic.com/steam/apps/4570/header.jpg?t=1447351080
4580,"Warhammer® 40,000: Dawn of War® - Dark Crusade",game,12.99,2007-08-07,87.0,1960.0,1,0,0,http://cdn.akamai.steamstatic.com/steam/apps/4580/header.jpg?t=1447351078
4700,Medieval II: Total War™,game,19.99,2007-11-27,88.0,6382.0,1,1,1,http://cdn.akamai.steamstatic.com/steam/apps/4700/header.jpg?t=1482257642
4720,Condemned: Criminal Origins,game,14.95,2012-10-29,78.0,997.0,1,0,0,http://cdn.akamai.steamstatic.com/steam/apps/4720/header.jpg?t=1447356915
4760,Rome: Total War™ - Collection,game,9.99,2007-08-28,92.0,5830.0,1,0,0,http://cdn.akamai.steamstatic.com/steam/apps/4760/header.jpg?t=1447351025
4770,Rome: Total War™ - Alexander,game,4.99,2007-08-28,79.0,292.0,1,0,0,http://cdn.akamai.steamstatic.com/steam/apps/4770/header.jpg?t=1447351029
4800,Heroes of Annihilated Empires,game,14.99,2006-11-22,65.0,169.0,1,0,0,http://cdn.akamai.steamstatic.com/steam/apps/4800/header.jpg?t=1447350937
4850,Cossacks: Back to War,game,4.99,2010-09-02,60.0,847.0,1,0,0,http://cdn.akamai.steamstatic.com/steam/apps/4850/header.jpg?t=1447353438
4870,Cossacks: Art of War,game,19.99,2011-08-26,74.0,,1,0,0,http://cdn.akamai.steamstatic.com/steam/apps/4870/header.jpg?t=1447354583
4880,Cossacks: European Wars,game,19.99,2011-08-26,74.0,154.0,1,0,0,http://cdn.akamai.steamstatic.com/steam/apps/4880/header.jpg?t=1447354583
4890,Cossacks II: Battle for Europe,game,19.99,2011-08-26,69.0,245.0,1,0,0,http://cdn.akamai.steamstatic.com/steam/apps/4890/header.jpg?t=1447354584
4900,Zen of Sudoku,game,4.99,2006-12-14,,,1,0,0,http://cdn.akamai.steamstatic.com/steam/apps/4900/header.jpg?t=1447350947
4920,Natural Selection 2,game,9.99,2012-10-30,80.0,8276.0,1,0,1,http://cdn.akamai.steamstatic.com/steam/apps/4920/header.jpg?t=1479939528
6000,STAR WARS™ Republic Commando™,game,9.99,2009-07-08,78.0,4267.0,1,0,0,http://cdn.akamai.steamstatic.com/steam/apps/6000/header.jpg?t=1476315814
6010,Indiana Jones® and the Fate of Atlantis™,game,5.99,2009-07-08,,435.0,1,1,0,http://cdn.akamai.steamstatic.com/steam/apps/6010/header.jpg?t=1479335312
6020,STAR WARS™ Jedi Knight - Jedi Academy™,game,9.99,2009-09-16,81.0,3995.0,1,1,0,http://cdn.akamai.steamstatic.com/steam/apps/6020/header.jpg?t=1479340315
6030,STAR WARS™ Jedi Knight II - Jedi Outcast™,game,9.99,2009-09-16,89.0,1579.0,1,1,0,http://cdn.akamai.steamstatic.com/steam/apps/6030/header.jpg?t=1479340004
6040,The Dig®,game,5.99,2009-07-08,,428.0,1,1,0,http://cdn.akamai.steamstatic.com/steam/apps/6040/header.jpg?t=1447352312
6060,STAR WARS™ Battlefront™ II,game,9.99,2009-07-08,78.0,18212.0,1,0,0,http://cdn.akamai.steamstatic.com/steam/apps/6060/header.jpg?t=1469555611
6080,Thrillville®: Off the Rails™,game,9.99,2009-07-08,70.0,175.0,1,0,0,http://cdn.akamai.steamstatic.com/steam/apps/6080/header.jpg?t=1447352316
6090,Armed and Dangerous®,game,5.99,2009-07-08,78.0,,1,0,0,http://cdn.akamai.steamstatic.com/steam/apps/6090/header.jpg?t=1476735666
6120,Shank,game,9.99,2010-10-25,67.0,1341.0,1,1,1,http://cdn.akamai.steamstatic.com/steam/apps/6120/header.jpg?t=1478110226
6200,Ghost Master®,game,4.99,2006-12-21,81.0,916.0,1,0,0,http://cdn.akamai.steamstatic.com/steam/apps/6200/header.jpg?t=1447350951
6210,Vegas: Make It Big™,game,4.99,2006-12-21,,,1,0,0,http://cdn.akamai.steamstatic.com/steam/apps/6210/header.jpg?t=1447350950
6220,FlatOut,game,7.49,2007-02-02,72.0,1380.0,1,0,0,http://cdn.akamai.steamstatic.com/steam/apps/6220/header.jpg?t=1447350968
6250,Making History: The Calm & the Storm,game,4.99,2007-03-13,70.0,475.0,1,0,0,http://cdn.akamai.steamstatic.com/steam/apps/6250/header.jpg?t=1447350978
6270,Ducati World Championship,game,4.99,2007-09-21,35.0,158.0,1,0,0,http://cdn.akamai.steamstatic.com/steam/apps/6270/header.jpg?t=1447351133
6300,Dreamfall: The Longest Journey,game,19.99,2007-01-12,75.0,436.0,1,0,0,http://cdn.akamai.steamstatic.com/steam/apps/6300/header.jpg?t=1479319342
6310,The Longest Journey,game,9.99,2007-05-01,91.0,851.0,1,0,0,http://cdn.akamai.steamstatic.com/steam/apps/6310/header.jpg?t=1479319224
6370,Bloodline Champions,game,0.0,2011-10-28,79.0,1473.0,1,0,0,http://cdn.akamai.steamstatic.com/steam/apps/6370/header.jpg?t=1455556466
6400,Joint Task Force,game,9.99,2007-03-27,68.0,,1,0,0,http://cdn.akamai.steamstatic.com/steam/apps/6400/header.jpg?t=1447350970
6420,Nexus - The Jupiter Incident,game,9.99,2007-07-03,77.0,383.0,1,0,0,http://cdn.akamai.steamstatic.com/steam/apps/6420/header.jpg?t=1472036224
6510,Lost Planet™: Extreme Condition,game,14.99,2007-06-26,66.0,535.0,1,0,0,http://cdn.akamai.steamstatic.com/steam/apps/6510/header.jpg?t=1447351039
6550,Devil May Cry® 3 Special Edition,game,19.99,2007-06-12,66.0,1601.0,1,0,0,http://cdn.akamai.steamstatic.com/steam/apps/6550/header.jpg?t=1447351062
6600,Bullet Candy,game,3.99,2007-02-14,,,1,0,0,http://cdn.akamai.steamstatic.com/steam/apps/6600/header.jpg?t=1447350969
6800,Commandos: Behind Enemy Lines,game,3.99,2007-03-15,,1033.0,1,0,0,http://cdn.akamai.steamstatic.com/steam/apps/6800/header.jpg?t=1478799838
6810,Commandos: Beyond the Call of Duty,game,3.99,2007-03-15,,277.0,1,0,0,http://cdn.akamai.steamstatic.com/steam/apps/6810/header.jpg?t=1478799916
6830,Commandos 2: Men of Courage,game,3.99,2007-03-15,87.0,1037.0,1,0,0,http://cdn.akamai.steamstatic.com/steam/apps/6830/header.jpg?t=1455895816
6840,Commandos 3: Destination Berlin,game,3.99,2007-03-15,72.0,464.0,1,0,0,http://cdn.akamai.steamstatic.com/steam/apps/6840/header.jpg?t=1478799670
6850,Hitman 2: Silent Assassin,game,6.99,2007-03-15,87.0,1239.0,1,0,0,http://cdn.akamai.steamstatic.com/steam/apps/6850/header.jpg?t=1457718666
6860,Hitman: Blood Money,game,8.99,2007-03-15,82.0,4397.0,1,0,0,http://cdn.akamai.steamstatic.com/steam/apps/6860/header.jpg?t=1457719166
6870,Battlestations: Midway,game,6.99,2007-03-15,76.0,225.0,1,0,0,http://cdn.akamai.steamstatic.com/steam/apps/6870/header.jpg?t=1447350979
6880,Just Cause,game,6.99,2007-03-15,75.0,1641.0,1,0,0,http://cdn.akamai.steamstatic.com/steam/apps/6880/header.jpg?t=1455040223
6900,Hitman: Codename 47,game,6.99,2007-03-15,73.0,1131.0,1,0,0,http://cdn.akamai.steamstatic.com/steam/apps/6900/header.jpg?t=1457718464
6910,Deus Ex: Game of the Year Edition,game,6.99,2007-03-29,90.0,4513.0,1,0,0,http://cdn.akamai.steamstatic.com/steam/apps/6910/header.jpg?t=1478811896
6920,Deus Ex: Invisible War,game,6.99,2007-03-29,80.0,726.0,1,0,0,http://cdn.akamai.steamstatic.com/steam/apps/6920/header.jpg?t=1471975319
6980,Thief: Deadly Shadows,game,8.99,2007-03-29,85.0,932.0,1,0,0,http://cdn.akamai.steamstatic.com/steam/apps/6980/header.jpg?t=1447350999
7000,Tomb Raider: Legend,game,6.99,2007-03-29,82.0,1028.0,1,0,0,http://cdn.akamai.steamstatic.com/steam/apps/7000/header.jpg?t=1447351003
7010,Project: Snowblind,game,5.99,2007-03-29,76.0,112.0,1,0,0,http://cdn.akamai.steamstatic.com/steam/apps/7010/header.jpg?t=1447351002
7020,Rogue Trooper,game,9.99,2007-03-29,69.0,172.0,1,0,0,http://cdn.akamai.steamstatic.com/steam/apps/7020/header.jpg?t=1478602473
7110,Jade Empire™: Special Edition,game,14.99,2007-02-27,81.0,787.0,1,0,0,http://cdn.akamai.steamstatic.com/steam/apps/7110/header.jpg?t=1447350976
7200,Trackmania United Forever Star Edition,game,29.99,2008-04-16,80.0,693.0,1,0,0,http://cdn.akamai.steamstatic.com/steam/apps/7200/header.jpg?t=1447350986
7210,"Runaway, A Road Adventure",game,9.99,2007-03-14,74.0,232.0,1,0,0,http://cdn.akamai.steamstatic.com/steam/apps/7210/header.jpg?t=1447350992
7220,"Runaway, The Dream of The Turtle",game,9.99,2007-03-14,,109.0,1,0,0,http://cdn.akamai.steamstatic.com/steam/apps/7220/header.jpg?t=1447350993
7260,Loki,game,9.99,2007-11-05,61.0,,1,0,0,http://cdn.akamai.steamstatic.com/steam/apps/7260/header.jpg?t=1447351152
7340,Azada,game,9.99,2010-04-21,,,1,0,0,http://cdn.akamai.steamstatic.com/steam/apps/7340/header.jpg?t=1447352866
7510,X-Blades,game,9.99,2009-04-30,54.0,1988.0,1,0,0,http://cdn.akamai.steamstatic.com/steam/apps/7510/header.jpg?t=1479640171
7520,Two Worlds II,game,19.99,2011-02-03,76.0,3624.0,1,1,0,http://cdn.akamai.steamstatic.com/steam/apps/7520/header.jpg?t=1461706663
7530,Two Worlds II Castle Defense,game,9.99,2011-06-14,,231.0,1,1,0,http://cdn.akamai.steamstatic.com/steam/apps/7530/header.jpg?t=1447354252
7600,Sid Meier's Railroads!,game,9.99,2007-05-04,77.0,1174.0,1,0,0,http://cdn.akamai.steamstatic.com/steam/apps/7600/header.jpg?t=1447351027
7610,Railroad Tycoon 3,game,9.99,2007-05-04,80.0,316.0,1,0,0,http://cdn.akamai.steamstatic.com/steam/apps/7610/header.jpg?t=1447351028
7620,Railroad Tycoon II Platinum,game,4.99,2007-05-04,89.0,329.0,1,0,0,http://cdn.akamai.steamstatic.com/steam/apps/7620/header.jpg?t=1447351029
7650,X-COM: Terror From the Deep,game,4.99,2007-05-04,,318.0,1,0,0,http://cdn.akamai.steamstatic.com/steam/apps/7650/header.jpg?t=1447351033
7660,X-COM: Apocalypse,game,4.99,2008-09-04,,335.0,1,0,0,http://cdn.akamai.steamstatic.com/steam/apps/7660/header.jpg?t=1447351436
7670,BioShock™,game,,2007-08-21,96.0,17995.0,1,0,0,http://cdn.akamai.steamstatic.com/steam/apps/7670/header.jpg?t=1474048228
7730,X-COM: Interceptor,game,4.99,2008-09-04,,,1,0,0,http://cdn.akamai.steamstatic.com/steam/apps/7730/header.jpg?t=1447351437
7760,X-COM: UFO Defense,game,4.99,2008-09-04,,1596.0,1,0,0,http://cdn.akamai.steamstatic.com/steam/apps/7760/header.jpg?t=1447351440
7770,X-COM: Enforcer,game,4.99,2008-09-04,65.0,208.0,1,0,0,http://cdn.akamai.steamstatic.com/steam/apps/7770/header.jpg?t=1447351445
7830,Men of War™,game,4.99,2009-05-06,80.0,1309.0,1,0,0,http://cdn.akamai.steamstatic.com/steam/apps/7830/header.jpg?t=1447351820
7840,Death Track®: Resurrection,game,2.99,2009-05-06,53.0,,1,0,0,http://cdn.akamai.steamstatic.com/steam/apps/7840/header.jpg?t=1447351822
7860,NecroVision,game,4.99,2009-05-20,63.0,542.0,1,0,0,http://cdn.akamai.steamstatic.com/steam/apps/7860/header.jpg?t=1466975921
7940,Call of Duty® 4: Modern Warfare®,game,19.99,2007-11-12,92.0,6945.0,1,1,0,http://cdn.akamai.steamstatic.com/steam/apps/7940/header.jpg?t=1450407162
7970,Cabela's® Big Game Hunter™ Trophy Bucks,game,19.99,2008-05-16,,,1,0,0,http://cdn.akamai.steamstatic.com/steam/apps/7970/header.jpg?t=1447351196
8000,Tomb Raider: Anniversary,game,8.99,2007-06-05,83.0,1206.0,1,1,0,http://cdn.akamai.steamstatic.com/steam/apps/8000/header.jpg?t=1449850141
8080,Kane and Lynch: Dead Men™,game,6.99,2007-12-13,67.0,1186.0,1,0,0,http://cdn.akamai.steamstatic.com/steam/apps/8080/header.jpg?t=1478892530
8100,Conflict: Denied Ops,game,5.99,2008-02-08,58.0,,1,0,0,http://cdn.akamai.steamstatic.com/steam/apps/8100/header.jpg?t=1447351194
8140,Tomb Raider: Underworld,game,8.99,2008-11-21,80.0,1195.0,1,0,0,http://cdn.akamai.steamstatic.com/steam/apps/8140/header.jpg?t=1447351497
8170,Battlestations Pacific,game,8.99,2009-05-13,74.0,976.0,1,0,0,http://cdn.akamai.steamstatic.com/steam/apps/8170/header.jpg?t=1478798895
8190,Just Cause 2,game,14.99,2010-03-23,84.0,29381.0,1,0,0,http://cdn.akamai.steamstatic.com/steam/apps/8190/header.jpg?t=1455040113
8200,Sam & Max 101: Culture Shock,game,,2007-06-15,,193.0,1,0,0,http://cdn.akamai.steamstatic.com/steam/apps/8200/header.jpg?t=1467148250
8270,Sam & Max 202: Moai Better Blues,game,,2008-05-16,80.0,,1,1,0,http://cdn.akamai.steamstatic.com/steam/apps/8270/header.jpg?t=1467148624
8310,Bone: Out From Boneville,game,0.0,2008-06-17,68.0,,1,0,0,http://cdn.akamai.steamstatic.com/steam/apps/8310/header.jpg?t=1447351351
8320,Bone: The Great Cow Race,game,0.0,2008-06-17,76.0,,1,0,0,http://cdn.akamai.steamstatic.com/steam/apps/8320/header.jpg?t=1447351351
8330,Telltale Texas Hold ‘Em,game,2.99,2008-06-17,,,1,0,0,http://cdn.akamai.steamstatic.com/steam/apps/8330/header.jpg?t=1447351362
8340,Strong Bad's Cool Game for Attractive People: Season 1,game,19.99,2008-12-18,82.0,183.0,1,1,0,http://cdn.akamai.steamstatic.com/steam/apps/8340/header.jpg?t=1447351637
8350,Strong Bad's Cool Game for Attractive People: Episode 2,game,,,,,1,0,0,http://cdn.akamai.steamstatic.com/steam/apps/8350/header.jpg?t=1467151442
8360,Strong Bad's Cool Game for Attractive People: Episode 3,game,,,,,1,0,0,http://cdn.akamai.steamstatic.com/steam/apps/8360/header.jpg?t=1467151448
8370,Strong Bad's Cool Game for Attractive People: Episode 4,game,,,,,1,0,0,http://cdn.akamai.steamstatic.com/steam/apps/8370/header.jpg?t=1467151467
8380,Strong Bad's Cool Game for Attractive People: Episode 5,game,,,,,1,0,0,http://cdn.akamai.steamstatic.com/steam/apps/8380/header.jpg?t=1467151472
8400,Geometry Wars: Retro Evolved,game,3.99,2007-06-18,76.0,531.0,1,0,0,http://cdn.akamai.steamstatic.com/steam/apps/8400/header.jpg?t=1447351073
8500,EVE Online,game,0.0,2010-12-15,88.0,5552.0,1,1,0,http://cdn.akamai.steamstatic.com/steam/apps/8500/header.jpg?t=1481724473
8600,RACE 07,game,3.99,2007-10-15,83.0,1687.0,1,0,0,http://cdn.akamai.steamstatic.com/steam/apps/8600/header.jpg?t=1478078194
8790,GTR 2 FIA GT Racing Game,game,7.99,2012-12-12,,140.0,1,0,0,http://cdn.akamai.steamstatic.com/steam/apps/8790/header.jpg?t=1478078097
8800,Civilization IV: Beyond the Sword,game,9.99,2007-07-24,86.0,964.0,1,1,0,http://cdn.akamai.steamstatic.com/steam/apps/8800/header.jpg?t=1447351092
8850,BioShock® 2,game,,2010-02-09,88.0,8091.0,1,1,0,http://cdn.akamai.steamstatic.com/steam/apps/8850/header.jpg?t=1474575603
8870,BioShock Infinite,game,29.99,2013-03-25,94.0,62172.0,1,1,1,http://cdn.akamai.steamstatic.com/steam/apps/8870/header.jpg?t=1474401689
8880,Freedom Force,game,4.99,2009-05-29,90.0,258.0,1,0,0,http://cdn.akamai.steamstatic.com/steam/apps/8880/header.jpg?t=1447351869
8890,Freedom Force vs. the Third Reich,game,4.99,2009-05-29,,,1,0,0,http://cdn.akamai.steamstatic.com/steam/apps/8890/header.jpg?t=1447352162
8930,Sid Meier's Civilization® V,game,29.99,2010-09-21,90.0,103141.0,1,1,1,http://cdn.akamai.steamstatic.com/steam/apps/8930/header.jpg?t=1480703524
8970,Axel & Pixel,game,4.99,2010-10-06,,,1,0,0,http://cdn.akamai.steamstatic.com/steam/apps/8970/header.jpg?t=1447353572
8980,Borderlands,game,19.99,2009-10-26,81.0,17133.0,1,0,0,http://cdn.akamai.steamstatic.com/steam/apps/8980/header.jpg?t=1447366534
9000,Spear of Destiny,game,2.99,2007-08-03,,128.0,1,0,0,http://cdn.akamai.steamstatic.com/steam/apps/9000/header.jpg?t=1447351109
9010,Return to Castle Wolfenstein,game,4.99,2007-08-03,88.0,1716.0,1,0,0,http://cdn.akamai.steamstatic.com/steam/apps/9010/header.jpg?t=1447351110
9030,QUAKE Mission Pack 2: Dissolution of Eternity,game,2.99,2007-08-03,,,1,0,0,http://cdn.akamai.steamstatic.com/steam/apps/9030/header.jpg?t=1447351113
9040,QUAKE Mission Pack 1: Scourge of Armagon,game,2.99,2007-08-03,,116.0,1,0,0,http://cdn.akamai.steamstatic.com/steam/apps/9040/header.jpg?t=1447351112
9050,DOOM 3,game,0.0,2007-08-03,87.0,1828.0,1,0,0,http://cdn.akamai.steamstatic.com/steam/apps/9050/header.jpg?t=1447351113
9060,HeXen II,game,4.99,2007-08-03,,142.0,1,0,0,http://cdn.akamai.steamstatic.com/steam/apps/9060/header.jpg?t=1447351114
9160,Master Levels for Doom II,game,0.0,2007-08-03,,196.0,1,0,0,http://cdn.akamai.steamstatic.com/steam/apps/9160/header.jpg?t=1447351119
9180,Commander Keen,game,4.99,2007-08-03,,567.0,1,0,0,http://cdn.akamai.steamstatic.com/steam/apps/9180/header.jpg?t=1447351096
9200,RAGE,game,9.99,2011-10-03,79.0,8531.0,1,0,0,http://cdn.akamai.steamstatic.com/steam/apps/9200/header.jpg?t=1447353435
9310,"Warhammer® 40,000: Dawn of War® – Winter Assault",game,12.99,2007-08-07,,419.0,1,0,0,http://cdn.akamai.steamstatic.com/steam/apps/9310/header.jpg?t=1472591898
9340,Company of Heroes: Opposing Fronts,game,36.99,2007-09-24,87.0,486.0,1,0,0,http://cdn.akamai.steamstatic.com/steam/apps/9340/header.jpg?t=1478040994
9350,Supreme Commander,game,14.99,2011-09-28,86.0,841.0,1,0,0,http://cdn.akamai.steamstatic.com/steam/apps/9350/header.jpg?t=1472039646
9420,Supreme Commander: Forged Alliance,game,14.99,2011-09-28,81.0,3328.0,1,0,0,http://cdn.akamai.steamstatic.com/steam/apps/9420/header.jpg?t=1472039648
9450,"Warhammer® 40,000: Dawn of War® - Soulstorm",game,12.99,2008-03-05,,3155.0,1,0,0,http://cdn.akamai.steamstatic.com/steam/apps/9450/header.jpg?t=1447351235
9460,Frontlines™: Fuel of War™,game,19.99,2008-02-29,73.0,451.0,1,0,0,http://cdn.akamai.steamstatic.com/steam/apps/9460/header.jpg?t=1471962178
9480,Saints Row 2,game,9.99,2009-01-07,72.0,7368.0,1,0,1,http://cdn.akamai.steamstatic.com/steam/apps/9480/header.jpg?t=1479286077
9500,Gish,game,9.99,2007-07-20,80.0,223.0,1,1,0,http://cdn.akamai.steamstatic.com/steam/apps/9500/header.jpg?t=1447351091
9710,Desperados 2: Cooper's Revenge,game,9.99,2008-03-12,66.0,,1,0,0,http://cdn.akamai.steamstatic.com/steam/apps/9710/header.jpg?t=1472035505
9730,Tycoon City: New York,game,9.99,2008-03-12,67.0,107.0,1,0,0,http://cdn.akamai.steamstatic.com/steam/apps/9730/header.jpg?t=1447351142
9760,Act of War: High Treason,game,2.99,2008-03-12,74.0,107.0,1,0,0,http://cdn.akamai.steamstatic.com/steam/apps/9760/header.jpg?t=1447351138
9800,Death to Spies,game,4.99,2008-03-12,69.0,463.0,1,0,0,http://cdn.akamai.steamstatic.com/steam/apps/9800/header.jpg?t=1466975904
9850,Codename: Panzers - Cold War,game,14.99,2009-05-06,,,1,0,0,http://cdn.akamai.steamstatic.com/steam/apps/9850/header.jpg?t=1471957044
9870,Ghostbusters: The Videogame,game,9.99,2009-06-16,74.0,1629.0,1,0,0,http://cdn.akamai.steamstatic.com/steam/apps/9870/header.jpg?t=1447352278
9880,Champions Online,game,0.0,2011-06-14,72.0,2259.0,1,0,0,http://cdn.akamai.steamstatic.com/steam/apps/9880/header.jpg?t=1478044277
9900,Star Trek Online,game,0.0,2012-01-31,76.0,7692.0,1,0,0,http://cdn.akamai.steamstatic.com/steam/apps/9900/header.jpg?t=1480559782
9930,Test Drive Unlimited 2,game,19.99,2011-02-01,72.0,6248.0,1,0,0,http://cdn.akamai.steamstatic.com/steam/apps/9930/header.jpg?t=1447353252
9940,Blade Kitten,game,2.99,2014-05-22,52.0,716.0,1,0,0,http://cdn.akamai.steamstatic.com/steam/apps/9940/header.jpg?t=1447353463
9960,Haunted House™,game,5.99,2010-09-28,,,1,0,0,http://cdn.akamai.steamstatic.com/steam/apps/9960/header.jpg?t=1447353580
9970,Star Raiders,game,9.99,2011-05-11,,,1,0,0,http://cdn.akamai.steamstatic.com/steam/apps/9970/header.jpg?t=1447354208
9980,The UnderGarden,game,6.99,2010-11-10,67.0,,1,0,0,http://cdn.akamai.steamstatic.com/steam/apps/9980/header.jpg?t=1447353643
9990,Ghostbusters: Sanctum of Slime,game,9.99,2011-03-23,43.0,108.0,1,0,0,http://cdn.akamai.steamstatic.com/steam/apps/9990/header.jpg?t=1447354053
10090,Call of Duty: World at War,game,19.99,2008-11-18,83.0,14615.0,1,0,0,http://cdn.akamai.steamstatic.com/steam/apps/10090/header.jpg?t=1480110912
10110,Space Quest™ Collection,game,19.99,2009-07-23,,131.0,1,0,0,http://cdn.akamai.steamstatic.com/steam/apps/10110/header.jpg?t=1472516706
10120,Aces of the Galaxy™,game,9.99,2009-07-23,,,1,0,0,http://cdn.akamai.steamstatic.com/steam/apps/10120/header.jpg?t=1447352326
10130,TimeShift™,game,19.99,2009-07-23,71.0,603.0,1,0,0,http://cdn.akamai.steamstatic.com/steam/apps/10130/header.jpg?t=1481829522
10140,3D Ultra™ Minigolf Adventures,game,9.99,2009-07-23,,,1,0,0,http://cdn.akamai.steamstatic.com/steam/apps/10140/header.jpg?t=1447351838
10150,Prototype™,game,19.99,2009-06-10,79.0,2399.0,1,0,0,http://cdn.akamai.steamstatic.com/steam/apps/10150/header.jpg?t=1464729751
10180,Call of Duty®: Modern Warfare® 2,game,19.99,2009-11-11,86.0,24638.0,1,1,0,http://cdn.akamai.steamstatic.com/steam/apps/10180/header.jpg?t=1480111618
10220,Postal III,game,14.99,2012-02-17,24.0,1115.0,1,0,0,http://cdn.akamai.steamstatic.com/steam/apps/10220/header.jpg?t=1464638211
10230,Dead Mountaineer's Hotel,game,9.99,2011-10-28,,,1,0,0,http://cdn.akamai.steamstatic.com/steam/apps/10230/header.jpg?t=1447354813
10240,A Stroke of Fate: Operation Valkyrie,game,9.99,2011-10-28,,,1,0,0,http://cdn.akamai.steamstatic.com/steam/apps/10240/header.jpg?t=1447354813
10250,PT Boats: Knights of the Sea,game,9.99,2011-10-28,,,1,0,0,http://cdn.akamai.steamstatic.com/steam/apps/10250/header.jpg?t=1447354639
10260,PT Boats: South Gambit,game,9.99,2011-10-28,,,1,0,0,http://cdn.akamai.steamstatic.com/steam/apps/10260/header.jpg?t=1447354640
10270,Disciples III: Reincarnation,game,9.99,2014-02-14,,544.0,1,0,0,http://cdn.akamai.steamstatic.com/steam/apps/10270/header.jpg?t=1447360373
10460,The Club™,game,14.99,2008-02-20,67.0,,1,0,0,http://cdn.akamai.steamstatic.com/steam/apps/10460/header.jpg?t=1447351238
10500,Empire: Total War™,game,19.99,2009-03-03,90.0,12177.0,1,1,1,http://cdn.akamai.steamstatic.com/steam/apps/10500/header.jpg?t=1447351374
10520,Beijing 2008™ - The Official Video Game of the Olympic Games,game,,2008-08-14,,,1,0,0,http://cdn.akamai.steamstatic.com/steam/apps/10520/header.jpg?t=1447351404
10530,Space Siege,game,14.99,2008-08-14,60.0,,1,0,0,http://cdn.akamai.steamstatic.com/steam/apps/10530/header.jpg?t=1447351419
10680,Aliens vs. Predator™,game,14.99,2010-02-16,68.0,7522.0,1,0,0,http://cdn.akamai.steamstatic.com/steam/apps/10680/header.jpg?t=1447352374
11020,TrackMania Nations Forever,game,0.0,2008-04-16,,5585.0,1,0,0,http://cdn.akamai.steamstatic.com/steam/apps/11020/header.jpg?t=1453844618
11040,Sherlock Holmes - Nemesis,game,9.99,2008-08-07,71.0,,1,0,0,http://cdn.akamai.steamstatic.com/steam/apps/11040/header.jpg?t=1464276748
11050,Dracula Origin,game,9.99,2008-08-07,70.0,115.0,1,0,0,http://cdn.akamai.steamstatic.com/steam/apps/11050/header.jpg?t=1478082053
11130,Sherlock Holmes: The Mystery of the Mummy,game,0.0,2009-08-06,61.0,127.0,1,0,0,http://cdn.akamai.steamstatic.com/steam/apps/11130/header.jpg?t=1478618014
11140,Sherlock Holmes: The Awakened - Remastered Edition,game,9.99,2009-08-06,72.0,141.0,1,0,0,http://cdn.akamai.steamstatic.com/steam/apps/11140/header.jpg?t=1464276761
11150,Sherlock Holmes: The Silver Earring,game,9.99,2009-08-06,68.0,,1,0,0,http://cdn.akamai.steamstatic.com/steam/apps/11150/header.jpg?t=1464276826
11180,Sherlock Holmes: The Mystery of the Persian Carpet,game,9.99,,,,1,0,0,http://cdn.akamai.steamstatic.com/steam/apps/11180/header.jpg?t=1464277128
11190,Sherlock Holmes versus Jack the Ripper,game,9.99,2009-12-23,73.0,281.0,1,0,0,http://cdn.akamai.steamstatic.com/steam/apps/11190/header.jpg?t=1464276576
11200,Shadowgrounds Survivor,game,9.99,2007-11-14,79.0,480.0,1,1,0,http://cdn.akamai.steamstatic.com/steam/apps/11200/header.jpg?t=1476272913
11230,Gumboy Tournament,game,2.99,2008-05-19,,517.0,1,0,0,http://cdn.akamai.steamstatic.com/steam/apps/11230/header.jpg?t=1447351330
11240,Space Trader: Merchant Marine,game,4.99,2008-10-23,,566.0,1,0,0,http://cdn.akamai.steamstatic.com/steam/apps/11240/header.jpg?t=1447351415
11250,Pacific Storm,game,7.99,2008-06-24,67.0,,1,0,0,http://cdn.akamai.steamstatic.com/steam/apps/11250/header.jpg?t=1447351372
11260,Pacific Storm Allies,game,7.99,2008-08-18,60.0,,1,0,0,http://cdn.akamai.steamstatic.com/steam/apps/11260/header.jpg?t=1447351412
11280,Penguins Arena: Sedna's World,game,5.99,2008-12-18,,865.0,1,1,0,http://cdn.akamai.steamstatic.com/steam/apps/11280/header.jpg?t=1478073822
11330,Obulis,game,4.99,2009-03-19,,596.0,1,0,0,http://cdn.akamai.steamstatic.com/steam/apps/11330/header.jpg?t=1447351741
11340,Larva Mortus,game,4.99,2009-03-19,64.0,618.0,1,0,0,http://cdn.akamai.steamstatic.com/steam/apps/11340/header.jpg?t=1466530350
11360,Chains,game,4.99,2009-07-01,,474.0,1,1,0,http://cdn.akamai.steamstatic.com/steam/apps/11360/header.jpg?t=1479728118
11370,Nikopol: Secrets of the Immortals,game,4.99,2009-07-30,68.0,239.0,1,0,0,http://cdn.akamai.steamstatic.com/steam/apps/11370/header.jpg?t=1456151332
11390,Crash Time 2,game,9.99,2009-08-27,,1853.0,1,0,0,http://cdn.akamai.steamstatic.com/steam/apps/11390/header.jpg?t=1466540154
11450,Overlord™,game,4.99,2009-11-12,81.0,2384.0,1,1,1,http://cdn.akamai.steamstatic.com/steam/apps/11450/header.jpg?t=1469618465
11480,Soldiers: Heroes of World War II,game,4.99,2014-07-03,77.0,196.0,1,0,0,http://cdn.akamai.steamstatic.com/steam/apps/11480/header.jpg?t=1472560015
11560,Maelstrom: The Battle for Earth Begins,game,4.99,2009-02-13,58.0,,1,0,0,http://cdn.akamai.steamstatic.com/steam/apps/11560/header.jpg?t=1447351435
11590,Hospital Tycoon,game,4.99,2009-02-13,51.0,367.0,1,0,0,http://cdn.akamai.steamstatic.com/steam/apps/11590/header.jpg?t=1447351434
11610,Dragon Nest,game,0.0,2012-12-18,,1577.0,1,0,0,http://cdn.akamai.steamstatic.com/steam/apps/11610/header.jpg?t=1475032917
11900,LUMINES™,game,9.99,2008-04-18,74.0,,1,0,0,http://cdn.akamai.steamstatic.com/steam/apps/11900/header.jpg?t=1447351244
11920,LUMINES™ Advance Pack,game,7.99,2008-04-18,,,1,0,0,http://cdn.akamai.steamstatic.com/steam/apps/11920/header.jpg?t=1447351260
12100,Grand Theft Auto III,game,9.99,2011-01-06,93.0,3113.0,1,1,0,http://cdn.akamai.steamstatic.com/steam/apps/12100/header.jpg?t=1478119029
12110,Grand Theft Auto: Vice City,game,9.99,2011-01-10,94.0,5779.0,1,1,0,http://cdn.akamai.steamstatic.com/steam/apps/12110/header.jpg?t=1478119998
12120,Grand Theft Auto: San Andreas,game,14.99,2011-01-06,93.0,17263.0,1,1,0,http://cdn.akamai.steamstatic.com/steam/apps/12120/header.jpg?t=1478119560
12130,Manhunt,game,9.99,2008-01-04,75.0,615.0,1,0,0,http://cdn.akamai.steamstatic.com/steam/apps/12130/header.jpg?t=1478120404
12140,Max Payne,game,9.99,2008-01-04,89.0,2519.0,1,0,0,http://cdn.akamai.steamstatic.com/steam/apps/12140/header.jpg?t=1478120506
12150,Max Payne 2: The Fall of Max Payne,game,9.99,2008-01-04,86.0,1581.0,1,0,0,http://cdn.akamai.steamstatic.com/steam/apps/12150/header.jpg?t=1478120611
12160,Midnight Club 2,game,9.99,2008-01-04,81.0,425.0,1,0,0,http://cdn.akamai.steamstatic.com/steam/apps/12160/header.jpg?t=1478120932
12170,Grand Theft Auto,game,0.0,2008-01-04,,137.0,1,0,0,http://cdn.akamai.steamstatic.com/steam/apps/12170/header.jpg?t=1447363098
12180,Grand Theft Auto 2,game,0.0,2008-01-04,,108.0,1,0,0,http://cdn.akamai.steamstatic.com/steam/apps/12180/header.jpg?t=1447363085
12200,Bully: Scholarship Edition,game,14.99,2008-10-21,72.0,6645.0,1,0,0,http://cdn.akamai.steamstatic.com/steam/apps/12200/header.jpg?t=1478118908
12210,Grand Theft Auto IV,game,19.99,2008-12-02,90.0,39022.0,1,0,0,http://cdn.akamai.steamstatic.com/steam/apps/12210/header.jpg?t=1481676216
12220,Grand Theft Auto: Episodes from Liberty City,game,19.99,2010-04-12,,6071.0,1,0,0,http://cdn.akamai.steamstatic.com/steam/apps/12220/header.jpg?t=1478119485
12310,Culpa Innata,game,9.99,2008-01-18,66.0,,1,0,0,http://cdn.akamai.steamstatic.com/steam/apps/12310/header.jpg?t=1447351224
12320,Sacred Gold,game,9.99,2008-07-09,74.0,1112.0,1,0,0,http://cdn.akamai.steamstatic.com/steam/apps/12320/header.jpg?t=1447351242
12330,Darkstar One,game,9.99,2008-02-13,71.0,228.0,1,0,0,http://cdn.akamai.steamstatic.com/steam/apps/12330/header.jpg?t=1447351239
12340,Jack Keane,game,9.99,2008-06-27,69.0,,1,0,0,http://cdn.akamai.steamstatic.com/steam/apps/12340/header.jpg?t=1478073105
12360,FlatOut: Ultimate Carnage,game,19.99,2008-08-26,79.0,1567.0,1,0,0,http://cdn.akamai.steamstatic.com/steam/apps/12360/header.jpg?t=1447351387
12390,Exodus from the Earth ,game,14.99,2008-10-24,,,1,0,0,http://cdn.akamai.steamstatic.com/steam/apps/12390/header.jpg?t=1447351495
12420,Perimeter 2: New Earth,game,14.99,2009-02-10,43.0,,1,0,0,http://cdn.akamai.steamstatic.com/steam/apps/12420/header.jpg?t=1447351675
12430,SlamIt Pinball Big Score,game,4.99,2009-02-23,,,1,0,0,http://cdn.akamai.steamstatic.com/steam/apps/12430/header.jpg?t=1447351675
12440,Ankh 2: Heart of Osiris ,game,4.99,2009-06-16,,,1,0,0,http://cdn.akamai.steamstatic.com/steam/apps/12440/header.jpg?t=1447352265
12450,Ankh 3: Battle of the Gods,game,9.99,2009-06-16,,,1,0,0,http://cdn.akamai.steamstatic.com/steam/apps/12450/header.jpg?t=1447352266
12460,BC Kings,game,4.99,2009-06-16,,135.0,1,0,0,http://cdn.akamai.steamstatic.com/steam/apps/12460/header.jpg?t=1447352265
12470,Port Royale 2,game,4.99,2009-06-16,75.0,189.0,1,0,0,http://cdn.akamai.steamstatic.com/steam/apps/12470/header.jpg?t=1447352266
12480,9th Company: Roots Of Terror,game,9.99,2009-12-03,,126.0,1,0,0,http://cdn.akamai.steamstatic.com/steam/apps/12480/header.jpg?t=1447352677
12500,PuzzleQuest: Challenge of the Warlords,game,9.99,2008-01-29,84.0,465.0,1,0,0,http://cdn.akamai.steamstatic.com/steam/apps/12500/header.jpg?t=1478043255
12510,Prison Tycoon 3™: Lockdown,game,9.99,2008-01-29,,,1,0,0,http://cdn.akamai.steamstatic.com/steam/apps/12510/header.jpg?t=1466448680
12520,18 Wheels of Steel: American Long Haul,game,9.99,2008-01-29,,286.0,1,0,0,http://cdn.akamai.steamstatic.com/steam/apps/12520/header.jpg?t=1466448969
12530,Hunting Unlimited™ 2008,game,9.99,2008-01-29,,,1,0,0,http://cdn.akamai.steamstatic.com/steam/apps/12530/header.jpg?t=1466449093
12540,Mahjongg Investigations: Under Suspicion,game,9.99,2008-07-29,,,1,0,0,http://cdn.akamai.steamstatic.com/steam/apps/12540/header.jpg?t=1466451867
12560,Ride! Carnival Tycoon,game,9.99,2008-07-29,,,1,0,0,http://cdn.akamai.steamstatic.com/steam/apps/12560/header.jpg?t=1466450783
12570,Hot Dish,game,9.99,2008-07-29,,,1,0,0,http://cdn.akamai.steamstatic.com/steam/apps/12570/header.jpg?t=1447351248
12580,Dr. Daisy Pet Vet,game,9.99,2008-07-29,,,1,0,0,http://cdn.akamai.steamstatic.com/steam/apps/12580/header.jpg?t=1447351247
12590,Sprint Cars Road to Knoxville,game,9.99,2008-07-29,,,1,0,0,http://cdn.akamai.steamstatic.com/steam/apps/12590/header.jpg?t=1466448520
12600,Midnight Outlaw: 6 Hours to SunUp,game,9.99,2008-07-29,,,1,0,0,http://cdn.akamai.steamstatic.com/steam/apps/12600/header.jpg?t=1466451079
12630,Legend - Hand of God,game,9.99,2009-05-05,57.0,,1,0,0,http://cdn.akamai.steamstatic.com/steam/apps/12630/header.jpg?t=1447351761
12640,Drakensang,game,9.99,2009-03-09,75.0,165.0,1,0,0,http://cdn.akamai.steamstatic.com/steam/apps/12640/header.jpg?t=1447351678
12650,Fetch It Again,game,6.99,2009-07-17,,,1,0,0,http://cdn.akamai.steamstatic.com/steam/apps/12650/header.jpg?t=1467159276
12660,Miss Popularity,game,6.99,2009-07-17,,,1,0,0,http://cdn.akamai.steamstatic.com/steam/apps/12660/header.jpg?t=1467158995
12670,Mission Runway,game,9.99,2009-07-17,,,1,0,0,http://cdn.akamai.steamstatic.com/steam/apps/12670/header.jpg?t=1466451808
12690,Hunting Unlimited 2010,game,9.99,2009-07-07,,126.0,1,0,0,http://cdn.akamai.steamstatic.com/steam/apps/12690/header.jpg?t=1466450511
12710,Overlord™: Raising Hell,game,9.99,2009-11-12,,722.0,1,1,1,http://cdn.akamai.steamstatic.com/steam/apps/12710/header.jpg?t=1469618484
12750,GRID™,game,14.99,2008-06-04,87.0,3194.0,1,0,0,http://cdn.akamai.steamstatic.com/steam/apps/12750/header.jpg?t=1447351338
12770,Rise of the Argonauts,game,9.99,2009-01-07,59.0,395.0,1,0,0,http://cdn.akamai.steamstatic.com/steam/apps/12770/header.jpg?t=1447351514
12790,Damnation,game,9.99,2009-05-22,41.0,249.0,1,0,0,http://cdn.akamai.steamstatic.com/steam/apps/12790/header.jpg?t=1447351868
12810,Overlord II,game,9.99,2009-06-24,79.0,1582.0,1,1,1,http://cdn.akamai.steamstatic.com/steam/apps/12810/header.jpg?t=1469618461
12830,Operation Flashpoint: Dragon Rising,game,9.99,2009-10-06,76.0,1143.0,1,0,0,http://cdn.akamai.steamstatic.com/steam/apps/12830/header.jpg?t=1447352525
12900,AudioSurf,game,9.99,2008-02-15,85.0,8516.0,1,0,0,http://cdn.akamai.steamstatic.com/steam/apps/12900/header.jpg?t=1478101211
13000,Ninja Reflex: Steamworks Edition,game,4.99,2008-03-21,57.0,,1,0,0,http://cdn.akamai.steamstatic.com/steam/apps/13000/header.jpg?t=1447351277
13140,America's Army 3,game,0.0,2009-06-17,70.0,2104.0,1,0,0,http://cdn.akamai.steamstatic.com/steam/apps/13140/header.jpg?t=1447351850
13200,Unreal 2: The Awakening,game,14.99,2008-03-17,75.0,200.0,1,0,0,http://cdn.akamai.steamstatic.com/steam/apps/13200/header.jpg?t=1447351268
13210,Unreal Tournament 3 Black,game,39.99,2009-03-05,83.0,2028.0,1,0,0,http://cdn.akamai.steamstatic.com/steam/apps/13210/header.jpg?t=1447351270
13230,Unreal Tournament 2004: Editor's Choice Edition,game,14.99,2004-03-17,93.0,1518.0,1,0,0,http://cdn.akamai.steamstatic.com/steam/apps/13230/header.jpg?t=1447351271
13240,Unreal Tournament: Game of the Year Edition,game,9.99,2008-03-17,92.0,1420.0,1,0,0,http://cdn.akamai.steamstatic.com/steam/apps/13240/header.jpg?t=1447351268
13250,Unreal Gold,game,9.99,2008-03-17,,483.0,1,0,0,http://cdn.akamai.steamstatic.com/steam/apps/13250/header.jpg?t=1447351267
13500,Prince of Persia: Warrior Within™,game,9.99,2008-11-21,83.0,475.0,1,0,0,http://cdn.akamai.steamstatic.com/steam/apps/13500/header.jpg?t=1447351266
13520,Far Cry®,game,9.99,2008-04-01,89.0,2503.0,1,0,0,http://cdn.akamai.steamstatic.com/steam/apps/13520/header.jpg?t=1447351265
13530,Prince of Persia: The Two Thrones™,game,9.99,2008-11-21,85.0,263.0,1,0,0,http://cdn.akamai.steamstatic.com/steam/apps/13530/header.jpg?t=1447351264
13540,Tom Clancy's Rainbow Six® Vegas,game,9.99,2008-04-09,85.0,287.0,1,0,0,http://cdn.akamai.steamstatic.com/steam/apps/13540/header.jpg?t=1447351261
13560,Tom Clancy's Splinter Cell®,game,9.99,2008-04-01,91.0,688.0,1,0,0,http://cdn.akamai.steamstatic.com/steam/apps/13560/header.jpg?t=1447351280
13570,Tom Clancy's Splinter Cell Chaos Theory®,game,9.99,2009-08-27,92.0,1369.0,1,0,0,http://cdn.akamai.steamstatic.com/steam/apps/13570/header.jpg?t=1472141802
13580,Tom Clancy's Splinter Cell Double Agent®,game,9.99,2009-02-13,80.0,552.0,1,0,0,http://cdn.akamai.steamstatic.com/steam/apps/13580/header.jpg?t=1447351280
13600,Prince of Persia®: The Sands of Time,game,9.99,2008-11-21,89.0,607.0,1,0,0,http://cdn.akamai.steamstatic.com/steam/apps/13600/header.jpg?t=1447351278
13620,Tom Clancy's Ghost Recon® Desert Siege™,game,4.99,2008-07-15,82.0,,1,0,0,http://cdn.akamai.steamstatic.com/steam/apps/13620/header.jpg?t=1447351282
13630,Tom Clancy's Ghost Recon® Island Thunder™,game,4.99,2008-07-15,82.0,,1,0,0,http://cdn.akamai.steamstatic.com/steam/apps/13630/header.jpg?t=1447351283
15000,Tom Clancy's Rainbow Six Lockdown™,game,9.99,2008-05-13,59.0,109.0,1,0,0,http://cdn.akamai.steamstatic.com/steam/apps/15000/header.jpg?t=1447351287
15080,Rayman Raving Rabbids™,game,9.99,2008-06-13,58.0,148.0,1,0,0,http://cdn.akamai.steamstatic.com/steam/apps/15080/header.jpg?t=1447351286
15100,Assassin's Creed™: Director's Cut Edition,game,19.99,2008-04-09,79.0,4332.0,1,0,0,http://cdn.akamai.steamstatic.com/steam/apps/15100/header.jpg?t=1447351277
15120,Tom Clancy's Rainbow Six® Vegas 2,game,9.99,2008-04-16,78.0,2252.0,1,0,0,http://cdn.akamai.steamstatic.com/steam/apps/15120/header.jpg?t=1479396881
15130,Beyond Good and Evil™,game,9.99,2008-05-13,,1322.0,1,0,0,http://cdn.akamai.steamstatic.com/steam/apps/15130/header.jpg?t=1447351297
15160,Petz® Horsez® 2,game,9.99,2008-06-13,,,1,0,0,http://cdn.akamai.steamstatic.com/steam/apps/15160/header.jpg?t=1447351315
15170,Heroes of Might & Magic V,game,9.99,2008-05-13,77.0,875.0,1,0,0,http://cdn.akamai.steamstatic.com/steam/apps/15170/header.jpg?t=1447351319
15190,Brothers in Arms: Road to Hill 30™,game,9.99,2008-05-13,87.0,371.0,1,0,0,http://cdn.akamai.steamstatic.com/steam/apps/15190/header.jpg?t=1447351297
15200,Silent Hunter®: Wolves of the Pacific,game,9.99,2008-06-13,79.0,214.0,1,0,0,http://cdn.akamai.steamstatic.com/steam/apps/15200/header.jpg?t=1475239720
15210,Silent Hunter® III,game,9.99,2008-06-13,90.0,429.0,1,0,0,http://cdn.akamai.steamstatic.com/steam/apps/15210/header.jpg?t=1447351365
15230,Blazing Angels® 2: Secret Missions of WWII,game,9.99,2008-05-13,72.0,,1,0,0,http://cdn.akamai.steamstatic.com/steam/apps/15230/header.jpg?t=1451593520
15240,Silent Hunter®: Wolves of the Pacific U-Boat Missions,game,9.99,2008-06-13,,,1,0,0,http://cdn.akamai.steamstatic.com/steam/apps/15240/header.jpg?t=1475239467
15270,Cold Fear™,game,9.99,2008-05-13,66.0,165.0,1,0,0,http://cdn.akamai.steamstatic.com/steam/apps/15270/header.jpg?t=1447351316
15300,Tom Clancy's Ghost Recon®,game,9.99,2008-07-15,80.0,357.0,1,0,0,http://cdn.akamai.steamstatic.com/steam/apps/15300/header.jpg?t=1447351361
15310,The Settlers®: Heritage of Kings,game,9.99,2008-07-22,58.0,,1,0,0,http://cdn.akamai.steamstatic.com/steam/apps/15310/header.jpg?t=1447351392
15320,IL-2 Sturmovik: 1946,game,9.99,2008-06-13,86.0,956.0,1,0,0,http://cdn.akamai.steamstatic.com/steam/apps/15320/header.jpg?t=1468404696
15350,Brain Spa,game,9.99,2008-10-10,,,1,0,0,http://cdn.akamai.steamstatic.com/steam/apps/15350/header.jpg?t=1447351389
15370,Heroes of Might & Magic V: Tribes of the East,game,9.99,2008-10-10,70.0,469.0,1,0,0,http://cdn.akamai.steamstatic.com/steam/apps/15370/header.jpg?t=1447351397
15380,Heroes of Might & Magic V: Hammers of Fate,game,9.99,2008-10-10,66.0,,1,0,0,http://cdn.akamai.steamstatic.com/steam/apps/15380/header.jpg?t=1447351396
15390,Brothers in Arms: Hell's Highway™,game,9.99,2008-10-08,79.0,533.0,1,0,0,http://cdn.akamai.steamstatic.com/steam/apps/15390/header.jpg?t=1447351358
15400,Harvest: Massive Encounter,game,7.99,2009-01-23,,,1,1,1,http://cdn.akamai.steamstatic.com/steam/apps/15400/header.jpg?t=1447351635
15500,The Wonderful End of the World,game,9.99,2008-07-17,,481.0,1,0,0,http://cdn.akamai.steamstatic.com/steam/apps/15500/header.jpg?t=1447351339
15520,AaAaAA!!! - A Reckless Disregard for Gravity,game,9.99,2009-09-03,81.0,592.0,1,0,0,http://cdn.akamai.steamstatic.com/steam/apps/15520/header.jpg?t=1447352416
15540,1... 2... 3... KICK IT! (Drop That Beat Like an Ugly Baby),game,9.99,,,408.0,1,0,0,http://cdn.akamai.steamstatic.com/steam/apps/15540/header.jpg?t=1447354087
15560,AaaaaAAaaaAAAaaAAAAaAAAAA!!! for the Awesome,game,9.99,2011-11-23,,899.0,1,1,1,http://cdn.akamai.steamstatic.com/steam/apps/15560/header.jpg?t=1458837534
15620,"Warhammer® 40,000™: Dawn of War® II",game,19.99,2009-02-18,85.0,4899.0,1,1,1,http://cdn.akamai.steamstatic.com/steam/apps/15620/header.jpg?t=1475237670
15700,Oddworld: Abe's Oddysee®,game,2.99,2008-08-28,,1732.0,1,0,0,http://cdn.akamai.steamstatic.com/steam/apps/15700/header.jpg?t=1461320042
15710,Oddworld: Abe's Exoddus®,game,2.99,2008-08-28,,615.0,1,0,0,http://cdn.akamai.steamstatic.com/steam/apps/15710/header.jpg?t=1447351409
15740,Oddworld: Munch's Oddysee,game,4.99,2010-12-20,,422.0,1,0,0,http://cdn.akamai.steamstatic.com/steam/apps/15740/header.jpg?t=1470780508
15750,Oddworld: Stranger's Wrath HD,game,9.99,2010-12-20,,655.0,1,0,0,http://cdn.akamai.steamstatic.com/steam/apps/15750/header.jpg?t=1461322717
15800,Planet Busters,game,9.99,2008-06-30,,,1,0,0,http://cdn.akamai.steamstatic.com/steam/apps/15800/header.jpg?t=1447351377
15900,7 Wonders II,game,9.99,2008-06-10,,,1,0,0,http://cdn.akamai.steamstatic.com/steam/apps/15900/header.jpg?t=1447351342
15910,Luxor Amun Rising,game,9.99,2008-06-10,,,1,0,0,http://cdn.akamai.steamstatic.com/steam/apps/15910/header.jpg?t=1447351187
15920,Luxor 2,game,9.99,2008-06-10,,,1,0,0,http://cdn.akamai.steamstatic.com/steam/apps/15920/header.jpg?t=1447351186
15930,Luxor 3,game,9.99,2008-06-10,,,1,0,0,http://cdn.akamai.steamstatic.com/steam/apps/15930/header.jpg?t=1447351187
15950,Reaxxion,game,9.99,2008-06-10,,,1,0,0,http://cdn.akamai.steamstatic.com/steam/apps/15950/header.jpg?t=1447351188
15960,Little Farm,game,9.99,2008-06-10,,,1,0,0,http://cdn.akamai.steamstatic.com/steam/apps/15960/header.jpg?t=1447351342
15970,Luxor,game,9.99,2008-06-10,,,1,1,0,http://cdn.akamai.steamstatic.com/steam/apps/15970/header.jpg?t=1447351185
16000,Discovery! A Seek and Find Adventure,game,9.99,2008-07-29,,,1,0,0,http://cdn.akamai.steamstatic.com/steam/apps/16000/header.jpg?t=1447351379
16020,Samantha Swift and the Hidden Roses of Athena,game,9.99,2008-10-31,,,1,0,0,http://cdn.akamai.steamstatic.com/steam/apps/16020/header.jpg?t=1447351494
16030,7 Wonders: Treasures of Seven,game,9.99,2008-11-14,,,1,0,0,http://cdn.akamai.steamstatic.com/steam/apps/16030/header.jpg?t=1447351553
16040,Luxor: Quest for the Afterlife ,game,9.99,2008-12-15,,,1,0,0,http://cdn.akamai.steamstatic.com/steam/apps/16040/header.jpg?t=1447351631
16060,Samantha Swift and the Golden Touch,game,9.99,2009-04-29,,,1,0,0,http://cdn.akamai.steamstatic.com/steam/apps/16060/header.jpg?t=1473267681
16100,Virtual Villagers: A New Home,game,9.99,2008-05-12,,,1,0,0,http://cdn.akamai.steamstatic.com/steam/apps/16100/header.jpg?t=1447351300
16110,Virtual Villagers: The Lost Children,game,9.99,2008-05-12,,,1,0,0,http://cdn.akamai.steamstatic.com/steam/apps/16110/header.jpg?t=1447351300
16120,Plant Tycoon,game,9.99,2008-05-12,,,1,0,0,http://cdn.akamai.steamstatic.com/steam/apps/16120/header.jpg?t=1447351299
16130,Fish Tycoon,game,9.99,2008-05-12,,,1,0,0,http://cdn.akamai.steamstatic.com/steam/apps/16130/header.jpg?t=1447351298
16180,Virtual Villagers - The Secret City,game,9.99,2008-05-28,,,1,0,0,http://cdn.akamai.steamstatic.com/steam/apps/16180/header.jpg?t=1447351335
16200,Virtual Families,game,9.99,2009-05-06,,,1,0,0,http://cdn.akamai.steamstatic.com/steam/apps/16200/header.jpg?t=1447351831
16300,Everyday Shooter,game,9.99,2008-05-08,77.0,,1,0,0,http://cdn.akamai.steamstatic.com/steam/apps/16300/header.jpg?t=1447351312
16450,F.E.A.R. 2: Project Origin,game,14.99,2009-02-12,79.0,2737.0,1,0,0,http://cdn.akamai.steamstatic.com/steam/apps/16450/header.jpg?t=1461103307
16500,Chaos Theory,game,2.99,2008-05-22,,,1,0,0,http://cdn.akamai.steamstatic.com/steam/apps/16500/header.jpg?t=1447351330
16600,Trials 2: Second Edition,game,9.99,2008-05-28,,173.0,1,0,0,http://cdn.akamai.steamstatic.com/steam/apps/16600/header.jpg?t=1447351307
16620,Monster Trucks Nitro ,game,19.99,2009-01-29,,,1,1,0,http://cdn.akamai.steamstatic.com/steam/apps/16620/header.jpg?t=1447351670
16710,Insecticide Part 1,game,1.99,2008-07-01,65.0,384.0,1,0,0,http://cdn.akamai.steamstatic.com/steam/apps/16710/header.jpg?t=1447351378
16720,Velvet Assassin,game,4.99,2009-05-01,61.0,1753.0,1,1,0,http://cdn.akamai.steamstatic.com/steam/apps/16720/header.jpg?t=1447351446
16730,Legendary,game,2.99,2008-12-01,50.0,1855.0,1,0,0,http://cdn.akamai.steamstatic.com/steam/apps/16730/header.jpg?t=1447351498
16810,Sid Meier's Civilization IV: Colonization,game,19.99,2008-09-23,83.0,290.0,1,1,0,http://cdn.akamai.steamstatic.com/steam/apps/16810/header.jpg?t=1447351467
17080,Tribes: Ascend,game,0.0,2012-06-27,86.0,7510.0,1,0,0,http://cdn.akamai.steamstatic.com/steam/apps/17080/header.jpg?t=1447355927
17100,Children of the Nile: Enhanced Edition,game,7.99,2008-07-08,75.0,142.0,1,0,0,http://cdn.akamai.steamstatic.com/steam/apps/17100/header.jpg?t=1447351375
17120,Children of the Nile: Alexandria,game,2.49,2008-09-22,,,1,0,0,http://cdn.akamai.steamstatic.com/steam/apps/17120/header.jpg?t=1447351440
17140,Hinterland,game,9.99,2008-09-30,65.0,124.0,1,0,0,http://cdn.akamai.steamstatic.com/steam/apps/17140/header.jpg?t=1447351490
17180,Mosby's Confederacy,game,9.99,2008-11-19,,,1,0,0,http://cdn.akamai.steamstatic.com/steam/apps/17180/header.jpg?t=1447351573
17300,Crysis,game,19.99,2008-09-17,91.0,4325.0,1,0,0,http://cdn.akamai.steamstatic.com/steam/apps/17300/header.jpg?t=1447351450
17330,Crysis Warhead®,game,19.99,2008-09-17,84.0,1216.0,1,0,0,http://cdn.akamai.steamstatic.com/steam/apps/17330/header.jpg?t=1447351452
17390,SPORE™,game,19.99,2008-12-19,84.0,9955.0,1,0,0,http://cdn.akamai.steamstatic.com/steam/apps/17390/header.jpg?t=1447351583
17410,Mirror's Edge™,game,19.99,2009-01-14,81.0,15828.0,1,0,0,http://cdn.akamai.steamstatic.com/steam/apps/17410/header.jpg?t=1447351617
17430,Need for Speed Undercover,game,9.99,2008-12-19,65.0,1867.0,1,0,0,http://cdn.akamai.steamstatic.com/steam/apps/17430/header.jpg?t=1447351585
17440,SPORE™ Creepy & Cute Parts Pack,game,19.99,2008-12-19,,339.0,1,0,0,http://cdn.akamai.steamstatic.com/steam/apps/17440/header.jpg?t=1447351596
17450,Dragon Age: Origins,game,19.99,2009-11-05,91.0,4663.0,1,0,0,http://cdn.akamai.steamstatic.com/steam/apps/17450/header.jpg?t=1447351620
17460,Mass Effect,game,19.99,2008-12-19,89.0,7777.0,1,0,0,http://cdn.akamai.steamstatic.com/steam/apps/17460/header.jpg?t=1447351599
17470,Dead Space,game,19.99,2009-01-09,86.0,6714.0,1,0,0,http://cdn.akamai.steamstatic.com/steam/apps/17470/header.jpg?t=1447351588
17480,Command & Conquer: Red Alert 3,game,19.99,2009-01-08,82.0,2774.0,1,0,0,http://cdn.akamai.steamstatic.com/steam/apps/17480/header.jpg?t=1447351589
17570,"Pirates, Vikings, and Knights II",game,0.0,2010-02-12,,3089.0,1,1,1,http://cdn.akamai.steamstatic.com/steam/apps/17570/header.jpg?t=1478566025
17580,Dystopia,game,0.0,2009-02-06,,729.0,1,0,0,http://cdn.akamai.steamstatic.com/steam/apps/17580/header.jpg?t=1447351676
17710,Nuclear Dawn,game,9.99,2011-09-26,71.0,1771.0,1,1,1,http://cdn.akamai.steamstatic.com/steam/apps/17710/header.jpg?t=1478045571
17740,Empires Mod,game,0.0,2008-07-28,,501.0,1,0,1,http://cdn.akamai.steamstatic.com/steam/apps/17740/header.jpg?t=1479867358
18000,"Precipice of Darkness, Episode One",game,7.99,2008-05-21,,396.0,1,0,0,http://cdn.akamai.steamstatic.com/steam/apps/18000/header.jpg?t=1447351344
18020,"Precipice of Darkness, Episode Two",game,7.99,2008-11-07,,124.0,1,0,0,http://cdn.akamai.steamstatic.com/steam/apps/18020/header.jpg?t=1447351546
18040,DeathSpank,game,14.99,2010-10-25,77.0,439.0,1,1,0,http://cdn.akamai.steamstatic.com/steam/apps/18040/header.jpg?t=1447353576
18050,DeathSpank: Thongs of Virtue,game,14.99,2010-11-30,78.0,118.0,1,1,0,http://cdn.akamai.steamstatic.com/steam/apps/18050/header.jpg?t=1447353747
18070,The Baconing,game,14.99,2011-08-31,63.0,165.0,1,1,0,http://cdn.akamai.steamstatic.com/steam/apps/18070/header.jpg?t=1447354527
18120,Unstoppable Gorg,game,9.99,2012-01-19,73.0,199.0,1,1,0,http://cdn.akamai.steamstatic.com/steam/apps/18120/header.jpg?t=1480408485
18300,Spectraball,game,4.99,2008-10-20,,340.0,1,1,1,http://cdn.akamai.steamstatic.com/steam/apps/18300/header.jpg?t=1447351501
18400,Crazy Machines 2,game,14.99,2008-06-20,72.0,170.0,1,0,0,http://cdn.akamai.steamstatic.com/steam/apps/18400/header.jpg?t=1447351367
18420,Crazy Machines,game,9.99,2008-12-12,78.0,,1,0,0,http://cdn.akamai.steamstatic.com/steam/apps/18420/header.jpg?t=1447351615
18430,Crazy Machines 1.5,game,9.99,2008-12-12,78.0,,1,0,0,http://cdn.akamai.steamstatic.com/steam/apps/18430/header.jpg?t=1447351615
18470,Helldorado,game,9.99,2009-04-30,65.0,,1,0,0,http://cdn.akamai.steamstatic.com/steam/apps/18470/header.jpg?t=1447351818
18480,Mata Hari,game,9.99,2009-07-29,63.0,,1,0,0,http://cdn.akamai.steamstatic.com/steam/apps/18480/header.jpg?t=1447352353
18500,Defense Grid: The Awakening,game,9.99,2008-12-08,81.0,2889.0,1,0,0,http://cdn.akamai.steamstatic.com/steam/apps/18500/header.jpg?t=1447351522
18600,Mayhem Intergalactic,game,9.99,2009-01-22,,,1,0,0,http://cdn.akamai.steamstatic.com/steam/apps/18600/header.jpg?t=1447351642
18700,And Yet It Moves,game,9.99,2009-04-02,75.0,963.0,1,1,1,http://cdn.akamai.steamstatic.com/steam/apps/18700/header.jpg?t=1447351725
18820,Zero Gear,game,4.99,2010-01-12,,750.0,1,0,0,http://cdn.akamai.steamstatic.com/steam/apps/18820/header.jpg?t=1447352797
19000,Silent Hill Homecoming,game,39.99,2008-11-06,64.0,454.0,1,0,0,http://cdn.akamai.steamstatic.com/steam/apps/19000/header.jpg?t=1468523221
19020,Puzzle Chronicles,game,9.99,2010-04-21,,,1,0,0,http://cdn.akamai.steamstatic.com/steam/apps/19020/header.jpg?t=1468523350
19030,Rocket Knight,game,14.99,2010-05-11,63.0,,1,0,0,http://cdn.akamai.steamstatic.com/steam/apps/19030/header.jpg?t=1468523309
19200,Tank Universal,game,4.99,2008-08-21,,380.0,1,0,0,http://cdn.akamai.steamstatic.com/steam/apps/19200/header.jpg?t=1447351414
19320,Space Ark,game,4.99,2012-03-16,,,1,0,0,http://cdn.akamai.steamstatic.com/steam/apps/19320/header.jpg?t=1447355475
19500,Eternity's Child,game,4.99,2008-07-31,,,1,0,0,http://cdn.akamai.steamstatic.com/steam/apps/19500/header.jpg?t=1447351403
19680,Alice: Madness Returns,game,,,75.0,7780.0,1,0,0,http://cdn.akamai.steamstatic.com/steam/apps/19680/header.jpg?t=1447354306
19800,Brothers in Arms: Earned in Blood™,game,9.99,2008-10-10,84.0,173.0,1,0,0,http://cdn.akamai.steamstatic.com/steam/apps/19800/header.jpg?t=1447351485
19810,The Sum of All Fears,game,9.99,2008-10-10,72.0,,1,0,0,http://cdn.akamai.steamstatic.com/steam/apps/19810/header.jpg?t=1447351478
19830,Tom Clancy's Rainbow Six® 3 Gold,game,9.99,2008-09-25,85.0,601.0,1,0,0,http://cdn.akamai.steamstatic.com/steam/apps/19830/header.jpg?t=1472142064
